filename,layer,ticker_or_scope,size_bytes,size_human,publish_target,hf_path,release_asset,relative_path,source_archive,source_relpath,sha1_short,training_date,notes
best_model.pt,unknown,all,833817,814.3 KB,github_release,,checkpoints-unknown.tar.gz,unknown/lstm_1min/best_model.pt,毕设-20260311T013659Z-3-001,models/lstm_1min/best_model.pt,9ad81c824eda,2026-03-11,
timesfm_ft_AAPL_1hour_v2.pt,ceiling_baseline,AAPL,925228271,882.4 MB,not_redistributed,ceiling_baseline/timesfm_ft_AAPL_1hour_v2.pt,,,毕设-20260311T013659Z-3-001,timesfm_finetuned/timesfm_ft_AAPL_1hour_v2.pt,7b4fd7b5b2b1,2026-03-11,
timesfm_ft_AAPL_1hour_v3_directional.pt,ceiling_baseline,AAPL,925228271,882.4 MB,not_redistributed,ceiling_baseline/timesfm_ft_AAPL_1hour_v3_directional.pt,,,毕设-20260311T013659Z-3-001,timesfm_finetuned/timesfm_ft_AAPL_1hour_v3_directional.pt,7b4fd7b5b2b1,2026-03-11,
timesfm_ft_AAPL_1hour.pt,ceiling_baseline,AAPL,925228271,882.4 MB,not_redistributed,ceiling_baseline/timesfm_ft_AAPL_1hour.pt,,,毕设-20260311T013659Z-3-002,timesfm_finetuned/timesfm_ft_AAPL_1hour.pt,7b4fd7b5b2b1,2026-03-11,
timesfm_ft_QQQ_1hour.pt,ceiling_baseline,QQQ,925228271,882.4 MB,not_redistributed,ceiling_baseline/timesfm_ft_QQQ_1hour.pt,,,毕设-20260311T013659Z-3-002,timesfm_finetuned/timesfm_ft_QQQ_1hour.pt,7b4fd7b5b2b1,2026-03-11,
multiscale_cnn_bottom.pt,layer2_turning_point,all,232431,227.0 KB,github_release,,checkpoints-layer2_turning_point.tar.gz,layer2_turning_point/multiscale_cnn_bottom.pt,毕设-20260311T013659Z-3-004,data/results/multiscale_cnn_bottom.pt,0be2d5550871,2026-03-11,
multiscale_cnn_top.pt,layer2_turning_point,all,232293,226.8 KB,github_release,,checkpoints-layer2_turning_point.tar.gz,layer2_turning_point/multiscale_cnn_top.pt,毕设-20260311T013659Z-3-004,data/results/multiscale_cnn_top.pt,21c0f302617b,2026-03-11,
vol_lstm.pt,layer1_volatility,all,249834,244.0 KB,github_release,,checkpoints-layer1_volatility.tar.gz,layer1_volatility/vol_lstm.pt,毕设-20260311T013659Z-3-004,data/results/vol_lstm.pt,ddb972429caa,2026-03-11,
vol_lstm_regression.pt,layer1_volatility,all,48541,47.4 KB,github_release,,checkpoints-layer1_volatility.tar.gz,layer1_volatility/vol_lstm_regression.pt,毕设-20260311T013659Z-3-004,data/results/vol_lstm_regression.pt,377dac3987f9,2026-03-11,
vol_multiscale_lstm.pt,layer1_volatility,all,74277,72.5 KB,github_release,,checkpoints-layer1_volatility.tar.gz,layer1_volatility/vol_multiscale_lstm.pt,毕设-20260311T013659Z-3-004,data/results/vol_multiscale_lstm.pt,5a8b4347e5ca,2026-03-11,
vol_multiscale_lstm_regression.pt,layer1_volatility,all,74985,73.2 KB,github_release,,checkpoints-layer1_volatility.tar.gz,layer1_volatility/vol_multiscale_lstm_regression.pt,毕设-20260311T013659Z-3-004,data/results/vol_multiscale_lstm_regression.pt,871d03a6b250,2026-03-11,
best_model.pt,unknown,all,1834580215,1.7 GB,not_redistributed,unknown/best_model.pt,,,毕设-20260311T013659Z-3-004,models/multistock_phase1/best_model.pt,437ac47989cf,2026-03-11,
best_model.pt,unknown,all,833881,814.3 KB,github_release,,checkpoints-unknown.tar.gz,unknown/lstm_1min_fixed/best_model.pt,毕设-20260311T013659Z-3-005,models/lstm_1min_fixed/best_model.pt,4a5c69d96172,2026-03-11,namespace_dependent
best_model.pt,unknown,all,833561,814.0 KB,github_release,,checkpoints-unknown.tar.gz,unknown/lstm_regression_1min/best_model.pt,毕设-20260311T013659Z-3-005,models/lstm_regression_1min/best_model.pt,78600d3679a2,2026-03-11,namespace_dependent
best_model.pt,unknown,all,2070666033,1.9 GB,not_redistributed,unknown/best_model.pt,,,毕设-20260311T013659Z-3-005,models/timesfm_finetuned/best_model.pt,18e6bf0089a0,2026-03-11,
attention_lstm_clf_AAPL.pt,ceiling_baseline,AAPL,948629,926.4 KB,github_release,,checkpoints-ceiling_baseline.tar.gz,ceiling_baseline/attention_lstm_clf_AAPL.pt,毕设-20260311T013659Z-3-007,data/checkpoints/attention_lstm_clf_AAPL.pt,8dbe98fd715b,2026-03-11,
attention_lstm_clf_GOOG.pt,ceiling_baseline,GOOG,948629,926.4 KB,github_release,,checkpoints-ceiling_baseline.tar.gz,ceiling_baseline/attention_lstm_clf_GOOG.pt,毕设-20260311T013659Z-3-007,data/checkpoints/attention_lstm_clf_GOOG.pt,3669fd401240,2026-03-11,
attention_lstm_clf_MSFT.pt,ceiling_baseline,MSFT,948629,926.4 KB,github_release,,checkpoints-ceiling_baseline.tar.gz,ceiling_baseline/attention_lstm_clf_MSFT.pt,毕设-20260311T013659Z-3-007,data/checkpoints/attention_lstm_clf_MSFT.pt,7f4dcd909d73,2026-03-11,
attention_lstm_clf_NVDA.pt,ceiling_baseline,NVDA,948629,926.4 KB,github_release,,checkpoints-ceiling_baseline.tar.gz,ceiling_baseline/attention_lstm_clf_NVDA.pt,毕设-20260311T013659Z-3-007,data/checkpoints/attention_lstm_clf_NVDA.pt,6e85ca8b5786,2026-03-11,
attention_lstm_clf_QQQ.pt,ceiling_baseline,QQQ,948617,926.4 KB,github_release,,checkpoints-ceiling_baseline.tar.gz,ceiling_baseline/attention_lstm_clf_QQQ.pt,毕设-20260311T013659Z-3-007,data/checkpoints/attention_lstm_clf_QQQ.pt,05e9d80660a5,2026-03-11,
attention_lstm_clf_SPY.pt,ceiling_baseline,SPY,948617,926.4 KB,github_release,,checkpoints-ceiling_baseline.tar.gz,ceiling_baseline/attention_lstm_clf_SPY.pt,毕设-20260311T013659Z-3-007,data/checkpoints/attention_lstm_clf_SPY.pt,2068666ae6d2,2026-03-11,
attention_lstm_clf_TSLA.pt,ceiling_baseline,TSLA,948629,926.4 KB,github_release,,checkpoints-ceiling_baseline.tar.gz,ceiling_baseline/attention_lstm_clf_TSLA.pt,毕设-20260311T013659Z-3-007,data/checkpoints/attention_lstm_clf_TSLA.pt,4c74da4afd3f,2026-03-11,
attention_lstm_reg_GOOGL.pt,ceiling_baseline,GOOGL,947617,925.4 KB,github_release,,checkpoints-ceiling_baseline.tar.gz,ceiling_baseline/attention_lstm_reg_GOOGL.pt,毕设-20260311T013659Z-3-007,data/checkpoints/attention_lstm_reg_GOOGL.pt,40905a37c46d,2026-03-11,
attention_lstm_reg_NVDA.pt,ceiling_baseline,NVDA,947605,925.4 KB,github_release,,checkpoints-ceiling_baseline.tar.gz,ceiling_baseline/attention_lstm_reg_NVDA.pt,毕设-20260311T013659Z-3-007,data/checkpoints/attention_lstm_reg_NVDA.pt,1990fc17d0d6,2026-03-11,
attention_lstm_reg_QQQ.pt,ceiling_baseline,QQQ,947593,925.4 KB,github_release,,checkpoints-ceiling_baseline.tar.gz,ceiling_baseline/attention_lstm_reg_QQQ.pt,毕设-20260311T013659Z-3-007,data/checkpoints/attention_lstm_reg_QQQ.pt,1b2da036f894,2026-03-11,
attention_lstm_reg_SPY.pt,ceiling_baseline,SPY,947593,925.4 KB,github_release,,checkpoints-ceiling_baseline.tar.gz,ceiling_baseline/attention_lstm_reg_SPY.pt,毕设-20260311T013659Z-3-007,data/checkpoints/attention_lstm_reg_SPY.pt,b66dedaf5786,2026-03-11,
attention_lstm_reg_TSLA.pt,ceiling_baseline,TSLA,947605,925.4 KB,github_release,,checkpoints-ceiling_baseline.tar.gz,ceiling_baseline/attention_lstm_reg_TSLA.pt,毕设-20260311T013659Z-3-007,data/checkpoints/attention_lstm_reg_TSLA.pt,961d7464df12,2026-03-11,
transformer_lstm_clf_AAPL.pt,ceiling_baseline,AAPL,882671,862.0 KB,github_release,,checkpoints-ceiling_baseline.tar.gz,ceiling_baseline/transformer_lstm_clf_AAPL.pt,毕设-20260311T013659Z-3-007,data/checkpoints/transformer_lstm_clf_AAPL.pt,0d69d43df63b,2026-03-11,
transformer_lstm_clf_GOOG.pt,ceiling_baseline,GOOG,882671,862.0 KB,github_release,,checkpoints-ceiling_baseline.tar.gz,ceiling_baseline/transformer_lstm_clf_GOOG.pt,毕设-20260311T013659Z-3-007,data/checkpoints/transformer_lstm_clf_GOOG.pt,ca2b19c19890,2026-03-11,
transformer_lstm_clf_GOOGL.pt,ceiling_baseline,GOOGL,882709,862.0 KB,github_release,,checkpoints-ceiling_baseline.tar.gz,ceiling_baseline/transformer_lstm_clf_GOOGL.pt,毕设-20260311T013659Z-3-007,data/checkpoints/transformer_lstm_clf_GOOGL.pt,0cbcd566188e,2026-03-11,
transformer_lstm_clf_MSFT.pt,ceiling_baseline,MSFT,882671,862.0 KB,github_release,,checkpoints-ceiling_baseline.tar.gz,ceiling_baseline/transformer_lstm_clf_MSFT.pt,毕设-20260311T013659Z-3-007,data/checkpoints/transformer_lstm_clf_MSFT.pt,a6eade42b823,2026-03-11,
transformer_lstm_clf_NVDA.pt,ceiling_baseline,NVDA,882671,862.0 KB,github_release,,checkpoints-ceiling_baseline.tar.gz,ceiling_baseline/transformer_lstm_clf_NVDA.pt,毕设-20260311T013659Z-3-007,data/checkpoints/transformer_lstm_clf_NVDA.pt,07dde3907ba4,2026-03-11,
transformer_lstm_clf_QQQ.pt,ceiling_baseline,QQQ,882633,861.9 KB,github_release,,checkpoints-ceiling_baseline.tar.gz,ceiling_baseline/transformer_lstm_clf_QQQ.pt,毕设-20260311T013659Z-3-007,data/checkpoints/transformer_lstm_clf_QQQ.pt,bddc13986dc0,2026-03-11,
transformer_lstm_clf_SPY.pt,ceiling_baseline,SPY,882633,861.9 KB,github_release,,checkpoints-ceiling_baseline.tar.gz,ceiling_baseline/transformer_lstm_clf_SPY.pt,毕设-20260311T013659Z-3-007,data/checkpoints/transformer_lstm_clf_SPY.pt,2efb5783a9d3,2026-03-11,
transformer_lstm_clf_TSLA.pt,ceiling_baseline,TSLA,882671,862.0 KB,github_release,,checkpoints-ceiling_baseline.tar.gz,ceiling_baseline/transformer_lstm_clf_TSLA.pt,毕设-20260311T013659Z-3-007,data/checkpoints/transformer_lstm_clf_TSLA.pt,e01ebae4a706,2026-03-11,
transformer_lstm_reg_AAPL.pt,ceiling_baseline,AAPL,882159,861.5 KB,github_release,,checkpoints-ceiling_baseline.tar.gz,ceiling_baseline/transformer_lstm_reg_AAPL.pt,毕设-20260311T013659Z-3-007,data/checkpoints/transformer_lstm_reg_AAPL.pt,cecd27383b28,2026-03-11,
transformer_lstm_reg_GOOG.pt,ceiling_baseline,GOOG,882159,861.5 KB,github_release,,checkpoints-ceiling_baseline.tar.gz,ceiling_baseline/transformer_lstm_reg_GOOG.pt,毕设-20260311T013659Z-3-007,data/checkpoints/transformer_lstm_reg_GOOG.pt,5a77cfddd942,2026-03-11,
transformer_lstm_reg_GOOGL.pt,ceiling_baseline,GOOGL,882197,861.5 KB,github_release,,checkpoints-ceiling_baseline.tar.gz,ceiling_baseline/transformer_lstm_reg_GOOGL.pt,毕设-20260311T013659Z-3-007,data/checkpoints/transformer_lstm_reg_GOOGL.pt,2c1f6cfb0307,2026-03-11,
transformer_lstm_reg_MSFT.pt,ceiling_baseline,MSFT,882159,861.5 KB,github_release,,checkpoints-ceiling_baseline.tar.gz,ceiling_baseline/transformer_lstm_reg_MSFT.pt,毕设-20260311T013659Z-3-007,data/checkpoints/transformer_lstm_reg_MSFT.pt,fda1d14a4458,2026-03-11,
transformer_lstm_reg_NVDA.pt,ceiling_baseline,NVDA,882159,861.5 KB,github_release,,checkpoints-ceiling_baseline.tar.gz,ceiling_baseline/transformer_lstm_reg_NVDA.pt,毕设-20260311T013659Z-3-007,data/checkpoints/transformer_lstm_reg_NVDA.pt,746e7da32cb2,2026-03-11,
transformer_lstm_reg_QQQ.pt,ceiling_baseline,QQQ,882121,861.4 KB,github_release,,checkpoints-ceiling_baseline.tar.gz,ceiling_baseline/transformer_lstm_reg_QQQ.pt,毕设-20260311T013659Z-3-007,data/checkpoints/transformer_lstm_reg_QQQ.pt,e6dc90ebcc4b,2026-03-11,
transformer_lstm_reg_SPY.pt,ceiling_baseline,SPY,882121,861.4 KB,github_release,,checkpoints-ceiling_baseline.tar.gz,ceiling_baseline/transformer_lstm_reg_SPY.pt,毕设-20260311T013659Z-3-007,data/checkpoints/transformer_lstm_reg_SPY.pt,bd666b92dc16,2026-03-11,
transformer_lstm_reg_TSLA.pt,ceiling_baseline,TSLA,882159,861.5 KB,github_release,,checkpoints-ceiling_baseline.tar.gz,ceiling_baseline/transformer_lstm_reg_TSLA.pt,毕设-20260311T013659Z-3-007,data/checkpoints/transformer_lstm_reg_TSLA.pt,cd63ab66af1d,2026-03-11,
vanilla_lstm_clf_AAPL.pt,ceiling_baseline,AAPL,881055,860.4 KB,github_release,,checkpoints-ceiling_baseline.tar.gz,ceiling_baseline/vanilla_lstm_clf_AAPL.pt,毕设-20260311T013659Z-3-007,data/checkpoints/vanilla_lstm_clf_AAPL.pt,641d416f4e72,2026-03-11,
vanilla_lstm_clf_GOOG.pt,ceiling_baseline,GOOG,881055,860.4 KB,github_release,,checkpoints-ceiling_baseline.tar.gz,ceiling_baseline/vanilla_lstm_clf_GOOG.pt,毕设-20260311T013659Z-3-007,data/checkpoints/vanilla_lstm_clf_GOOG.pt,0f9cdddcc5c7,2026-03-11,
vanilla_lstm_clf_GOOGL.pt,ceiling_baseline,GOOGL,881128,860.5 KB,github_release,,checkpoints-ceiling_baseline.tar.gz,ceiling_baseline/vanilla_lstm_clf_GOOGL.pt,毕设-20260311T013659Z-3-007,data/checkpoints/vanilla_lstm_clf_GOOGL.pt,22f64b3bf3eb,2026-03-11,
vanilla_lstm_clf_MSFT.pt,ceiling_baseline,MSFT,881055,860.4 KB,github_release,,checkpoints-ceiling_baseline.tar.gz,ceiling_baseline/vanilla_lstm_clf_MSFT.pt,毕设-20260311T013659Z-3-007,data/checkpoints/vanilla_lstm_clf_MSFT.pt,fd406aa59f98,2026-03-11,
vanilla_lstm_clf_NVDA.pt,ceiling_baseline,NVDA,881055,860.4 KB,github_release,,checkpoints-ceiling_baseline.tar.gz,ceiling_baseline/vanilla_lstm_clf_NVDA.pt,毕设-20260311T013659Z-3-007,data/checkpoints/vanilla_lstm_clf_NVDA.pt,7e99aa052c6a,2026-03-11,
vanilla_lstm_clf_QQQ.pt,ceiling_baseline,QQQ,881046,860.4 KB,github_release,,checkpoints-ceiling_baseline.tar.gz,ceiling_baseline/vanilla_lstm_clf_QQQ.pt,毕设-20260311T013659Z-3-007,data/checkpoints/vanilla_lstm_clf_QQQ.pt,031bb4c50564,2026-03-11,
vanilla_lstm_clf_SPY.pt,ceiling_baseline,SPY,881046,860.4 KB,github_release,,checkpoints-ceiling_baseline.tar.gz,ceiling_baseline/vanilla_lstm_clf_SPY.pt,毕设-20260311T013659Z-3-007,data/checkpoints/vanilla_lstm_clf_SPY.pt,e7de988b4de5,2026-03-11,
vanilla_lstm_clf_TSLA.pt,ceiling_baseline,TSLA,881055,860.4 KB,github_release,,checkpoints-ceiling_baseline.tar.gz,ceiling_baseline/vanilla_lstm_clf_TSLA.pt,毕设-20260311T013659Z-3-007,data/checkpoints/vanilla_lstm_clf_TSLA.pt,37dc5438e848,2026-03-11,
vanilla_lstm_QQQ.pt,ceiling_baseline,QQQ,879986,859.4 KB,github_release,,checkpoints-ceiling_baseline.tar.gz,ceiling_baseline/vanilla_lstm_QQQ.pt,毕设-20260311T013659Z-3-007,data/checkpoints/vanilla_lstm_QQQ.pt,95037bd5e162,2026-03-11,
attn_lstm_direction.pt,ceiling_baseline,all,936221,914.3 KB,github_release,,checkpoints-ceiling_baseline.tar.gz,ceiling_baseline/attn_lstm_direction.pt,毕设-20260311T013659Z-3-007,data/results/checkpoints/attn_lstm_direction.pt,6e746ecddd28,2026-03-11,
cnn_bottom.pt,layer2_turning_point,all,262581,256.4 KB,github_release,,checkpoints-layer2_turning_point.tar.gz,layer2_turning_point/cnn_bottom.pt,毕设-20260311T013659Z-3-007,data/results/checkpoints/cnn_bottom.pt,7512e445a784,2026-03-11,
cnn_top.pt,layer2_turning_point,all,261957,255.8 KB,github_release,,checkpoints-layer2_turning_point.tar.gz,layer2_turning_point/cnn_top.pt,毕设-20260311T013659Z-3-007,data/results/checkpoints/cnn_top.pt,d8b9d2dc6c63,2026-03-11,
vol_lstm_AAPL.pt,layer1_volatility,AAPL,251799,245.9 KB,github_release,,checkpoints-layer1_volatility.tar.gz,layer1_volatility/vol_lstm_AAPL.pt,毕设-20260311T013659Z-3-007,data/results/checkpoints/vol_lstm_AAPL.pt,99f60c987a85,2026-03-11,
vol_lstm_combined.pt,layer1_volatility,all,50503,49.3 KB,github_release,,checkpoints-layer1_volatility.tar.gz,layer1_volatility/vol_lstm_combined.pt,毕设-20260311T013659Z-3-007,data/results/checkpoints/vol_lstm_combined.pt,0bbafd88d35c,2026-03-11,
vol_lstm_GOOG.pt,layer1_volatility,GOOG,251863,246.0 KB,github_release,,checkpoints-layer1_volatility.tar.gz,layer1_volatility/vol_lstm_GOOG.pt,毕设-20260311T013659Z-3-007,data/results/checkpoints/vol_lstm_GOOG.pt,62cc0f7e8e52,2026-03-11,
vol_lstm_GOOGL.pt,layer1_volatility,GOOGL,251808,245.9 KB,github_release,,checkpoints-layer1_volatility.tar.gz,layer1_volatility/vol_lstm_GOOGL.pt,毕设-20260311T013659Z-3-007,data/results/checkpoints/vol_lstm_GOOGL.pt,b3a967a78748,2026-03-11,
vol_lstm_MSFT.pt,layer1_volatility,MSFT,251799,245.9 KB,github_release,,checkpoints-layer1_volatility.tar.gz,layer1_volatility/vol_lstm_MSFT.pt,毕设-20260311T013659Z-3-007,data/results/checkpoints/vol_lstm_MSFT.pt,be17306a2e17,2026-03-11,
vol_lstm_NVDA.pt,layer1_volatility,NVDA,251799,245.9 KB,github_release,,checkpoints-layer1_volatility.tar.gz,layer1_volatility/vol_lstm_NVDA.pt,毕设-20260311T013659Z-3-007,data/results/checkpoints/vol_lstm_NVDA.pt,37c43377d60b,2026-03-11,
vol_lstm_QQQ.pt,layer1_volatility,QQQ,251790,245.9 KB,github_release,,checkpoints-layer1_volatility.tar.gz,layer1_volatility/vol_lstm_QQQ.pt,毕设-20260311T013659Z-3-007,data/results/checkpoints/vol_lstm_QQQ.pt,166daf682edb,2026-03-11,
vol_lstm_SPY.pt,layer1_volatility,SPY,251790,245.9 KB,github_release,,checkpoints-layer1_volatility.tar.gz,layer1_volatility/vol_lstm_SPY.pt,毕设-20260311T013659Z-3-007,data/results/checkpoints/vol_lstm_SPY.pt,af3f6f05139a,2026-03-11,
vol_lstm_TSLA.pt,layer1_volatility,TSLA,251799,245.9 KB,github_release,,checkpoints-layer1_volatility.tar.gz,layer1_volatility/vol_lstm_TSLA.pt,毕设-20260311T013659Z-3-007,data/results/checkpoints/vol_lstm_TSLA.pt,c6b0675d9184,2026-03-11,
weights_top.joblib,unknown,all,24452,23.9 KB,github_release,,checkpoints-unknown.tar.gz,unknown/lgb_v2/weights_top.joblib,毕设-20260311T013659Z-3-007,models/layer3/trade_filter/lgb_v2/weights_top.joblib,355edaaae320,2026-03-11,
attention_lstm_clf_GOOGL.pt,ceiling_baseline,GOOGL,948641,926.4 KB,github_release,,checkpoints-ceiling_baseline.tar.gz,ceiling_baseline/attention_lstm_clf_GOOGL.pt,毕设-20260311T013659Z-3-008,data/checkpoints/attention_lstm_clf_GOOGL.pt,e9ebcb961893,2026-03-11,
attention_lstm_reg_AAPL.pt,ceiling_baseline,AAPL,947605,925.4 KB,github_release,,checkpoints-ceiling_baseline.tar.gz,ceiling_baseline/attention_lstm_reg_AAPL.pt,毕设-20260311T013659Z-3-008,data/checkpoints/attention_lstm_reg_AAPL.pt,7e89178f3564,2026-03-11,
attention_lstm_reg_GOOG.pt,ceiling_baseline,GOOG,947605,925.4 KB,github_release,,checkpoints-ceiling_baseline.tar.gz,ceiling_baseline/attention_lstm_reg_GOOG.pt,毕设-20260311T013659Z-3-008,data/checkpoints/attention_lstm_reg_GOOG.pt,740635d9ed9d,2026-03-11,
attention_lstm_reg_MSFT.pt,ceiling_baseline,MSFT,947605,925.4 KB,github_release,,checkpoints-ceiling_baseline.tar.gz,ceiling_baseline/attention_lstm_reg_MSFT.pt,毕设-20260311T013659Z-3-008,data/checkpoints/attention_lstm_reg_MSFT.pt,94a1acdbb218,2026-03-11,
vanilla_lstm_AAPL.pt,ceiling_baseline,AAPL,879995,859.4 KB,github_release,,checkpoints-ceiling_baseline.tar.gz,ceiling_baseline/vanilla_lstm_AAPL.pt,毕设-20260311T013659Z-3-008,data/checkpoints/vanilla_lstm_AAPL.pt,18d7dc582bd1,2026-03-11,
vanilla_lstm_GOOG.pt,ceiling_baseline,GOOG,879995,859.4 KB,github_release,,checkpoints-ceiling_baseline.tar.gz,ceiling_baseline/vanilla_lstm_GOOG.pt,毕设-20260311T013659Z-3-008,data/checkpoints/vanilla_lstm_GOOG.pt,309f30af3183,2026-03-11,
vanilla_lstm_GOOGL.pt,ceiling_baseline,GOOGL,880004,859.4 KB,github_release,,checkpoints-ceiling_baseline.tar.gz,ceiling_baseline/vanilla_lstm_GOOGL.pt,毕设-20260311T013659Z-3-008,data/checkpoints/vanilla_lstm_GOOGL.pt,51e4a77df826,2026-03-11,
vanilla_lstm_MSFT.pt,ceiling_baseline,MSFT,879995,859.4 KB,github_release,,checkpoints-ceiling_baseline.tar.gz,ceiling_baseline/vanilla_lstm_MSFT.pt,毕设-20260311T013659Z-3-008,data/checkpoints/vanilla_lstm_MSFT.pt,e1080fe92692,2026-03-11,
vanilla_lstm_NVDA.pt,ceiling_baseline,NVDA,879995,859.4 KB,github_release,,checkpoints-ceiling_baseline.tar.gz,ceiling_baseline/vanilla_lstm_NVDA.pt,毕设-20260311T013659Z-3-008,data/checkpoints/vanilla_lstm_NVDA.pt,bd1136f5c31f,2026-03-11,
vanilla_lstm_SPY.pt,ceiling_baseline,SPY,879986,859.4 KB,github_release,,checkpoints-ceiling_baseline.tar.gz,ceiling_baseline/vanilla_lstm_SPY.pt,毕设-20260311T013659Z-3-008,data/checkpoints/vanilla_lstm_SPY.pt,b698d9a8a72b,2026-03-11,
vanilla_lstm_TSLA.pt,ceiling_baseline,TSLA,879995,859.4 KB,github_release,,checkpoints-ceiling_baseline.tar.gz,ceiling_baseline/vanilla_lstm_TSLA.pt,毕设-20260311T013659Z-3-008,data/checkpoints/vanilla_lstm_TSLA.pt,5d28631a02dc,2026-03-11,
weights.joblib,unknown,all,1404258,1.3 MB,github_release,,checkpoints-unknown.tar.gz,unknown/lightgbm_v3/weights.joblib,毕设-20260311T013659Z-3-008,data/results/models/layer1/volatility/lightgbm_v3/weights.joblib,333ab3eed381,2026-03-11,
weights.joblib,unknown,all,1228039,1.2 MB,github_release,,checkpoints-unknown.tar.gz,unknown/lightgbm_v3_flat/weights.joblib,毕设-20260311T013659Z-3-008,data/results/models/layer1/volatility/lightgbm_v3_flat/weights.joblib,1c0bd3c2f790,2026-03-11,
weights.joblib,unknown,all,423740,413.8 KB,github_release,,checkpoints-unknown.tar.gz,unknown/lgb_bottom_v1/weights.joblib,毕设-20260311T013659Z-3-008,data/results/models/layer3/trade_filter/lgb_bottom_v1/weights.joblib,752143a98409,2026-03-11,
weights.joblib,unknown,all,291532,284.7 KB,github_release,,checkpoints-unknown.tar.gz,unknown/lgb_top_v1/weights.joblib,毕设-20260311T013659Z-3-008,data/results/models/layer3/trade_filter/lgb_top_v1/weights.joblib,0872a1bb0cf2,2026-03-11,
weights_bottom.joblib,unknown,all,17604,17.2 KB,github_release,,checkpoints-unknown.tar.gz,unknown/lgb_v2/weights_bottom.joblib,毕设-20260311T013659Z-3-008,models/layer3/trade_filter/lgb_v2/weights_bottom.joblib,ac90def18fbf,2026-03-11,
